id	pt_category	en_category	es_category	proposal_id	pt	en	es	candidate_ids	start_date	source_link	source_text	pt_multichoice	en_multichoice	es_multichoice
1	Trabalho	Employment	Trabajo	1	Manter a atual reforma trabalhista	Maintain current labor legislation	Mantener la legislación laboral vigente	Bolsonaro	2022_10_7_1	https://divulgacandcontas.tse.jus.br/candidaturas/oficial/2022/BR/BR/544/candidatos/908966/5_1660093698051.pdf	A nova legislação trabalhista aprovada será mantida com segurança jurídica, ajudando a combater abusos empresariais e de sindicatos que também não podem ter a capacidade de agir como monopólios.			
2	Trabalho	Employment	Trabajo	2	Redigir nova legislação trabalhista para incluir proteção e práticas modernas de trabalho	Write a new labour legislation to include modern labour regulations and social protection	Redactar una nueva legislación laboral que incluya normas laborales modernas y protección social	Lula;Ciro;d'Avila	2022_9_27_1	https://divulgacandcontas.tse.jus.br/candidaturas/oficial/2022/BR/BR/544/candidatos/280001607829/pje-3b1196fd-Proposta%20de%20governo.pdf;https://divulgacandcontas.tse.jus.br/candidaturas/oficial/2022/BR/BR/544/candidatos/882713/5_1659989903215.pdf;https://divulgacandcontas.tse.jus.br/candidaturas/oficial/2022/BR/BR/544/candidatos/892517/5_1659557501045.pdf	a partir de um amplo debate e negociação, uma nova legislação trabalhista de extensa proteção social a todas as formas de ocupação, de emprego e de relação de trabalho, com especial atenção aos autônomos, aos que trabalham por conta própria, trabalhadores e trabalhadoras domésticas, teletrabalho e trabalhadores em home office, mediados por aplicativos e plataformas, revogando os marcos regressivos da atual legislação trabalhista, agravados pela última reforma e reestabelecendo o acesso gratuito à justiça do trabalho; Vamos redigir um novo Código Brasileiro do Trabalho (CBT) que abranja as melhores e mais modernas práticas de proteção internacionais e as Convenções da Organização Internacional do Trabalho (OIT).; Também são necessárias leis trabalhistas mais atuais e flexíveis que permitam adaptar os contratos a uma sociedade mais moderna, com novas formas de estabelecer relações de trabalho para além do que define nossa CLT e que   objetivem a redução da informalidade que assola o mercado brasileiro.			
3	Trabalho	Employment	Trabajo	3	Regulamentação e proteção dos direitos trabalhistas de trabalhadores por aplicativo	Regulation and protection of workers' labor rights by application	Regulación y protección de los derechos laborales de los trabajadores por aplicación	Bolsonaro;Lula;Ciro	2022_9_30_2	https://divulgacandcontas.tse.jus.br/candidaturas/oficial/2022/BR/BR/544/candidatos/908966/5_1660093698051.pdf;https://divulgacandcontas.tse.jus.br/candidaturas/oficial/2022/BR/BR/544/candidatos/280001607829/pje-3b1196fd-Proposta%20de%20governo.pdf;https://divulgacandcontas.tse.jus.br/candidaturas/oficial/2022/BR/BR/544/candidatos/882713/5_1659989903215.pdf	A estratégia de inclusão e combate à informalidade deverá contemplar alternativas contratuais inteligentes e que reconheçam a realidade desses trabalhadores nas regiões em que vivem, incluindo dos trabalhadores por aplicativos e trabalhadores rurais, dentre outros.; a partir de um amplo debate e negociação, uma nova legislação trabalhista de extensa proteção social a todas as formas de ocupação, de emprego e de relação de trabalho, com especial atenção aos autônomos, aos que trabalham por conta própria, trabalhadores e trabalhadoras domésticas, teletrabalho e trabalhadores em home office, mediados por aplicativos e plataforma; Também regulamentaremos e asseguraremos direitos para trabalhadores intermediados por aplicativos, estabelecendo patamares de higiene, segurança e de ganhos compatíveis com o Princípio da Dignidade de Pessoa Humana, conforme garante nossa Constituição.			
4	Trabalho	Employment	Trabajo	4	Recuperação do poder de compra através de uma política de valorização do salário mínimo	Valorize the minimum salary to recuperate the purchasing power	Valorizar el salario mínimo para recuperar el poder adquisitivo	Lula;Simone	2022_10_5_1	https://divulgacandcontas.tse.jus.br/candidaturas/oficial/2022/BR/BR/544/candidatos/280001607829/pje-3b1196fd-Proposta%20de%20governo.pdf;https://divulgacandcontas.tse.jus.br/candidaturas/oficial/2022/BR/BR/544/candidatos/280001607833/pje-c6a5300b-Proposta%20de%20governo.pdf	Política de valorização do salário mínimo visando à recuperação do poder de compra de trabalhadores, trabalhadoras, e dos beneficiários e beneficiárias de políticas previdenciárias e assistenciais, essencial para dinamizar a economia, em especial dos pequenos municípios.; Preservar o poder de compra do salário mínimo com reajustes anuais baseados pelo menos na inflação.			
5	Trabalho	Employment	Trabajo	5	Política igualitária de salários entre homens e mulheres que exercem a mesma função	Equal pay policy between men and women performing the same function	Política de igualdad de remuneración entre hombres y mujeres que realizan la misma función	Bolsonaro;Lula;Ciro;Simone	2022_9_28_1	https://divulgacandcontas.tse.jus.br/candidaturas/oficial/2022/BR/BR/544/candidatos/908966/5_1660093698051.pdf;https://divulgacandcontas.tse.jus.br/candidaturas/oficial/2022/BR/BR/544/candidatos/280001607829/pje-3b1196fd-Proposta%20de%20governo.pdf;https://divulgacandcontas.tse.jus.br/candidaturas/oficial/2022/BR/BR/544/candidatos/882713/5_1659989903215.pdf;https://divulgacandcontas.tse.jus.br/candidaturas/oficial/2022/BR/BR/544/candidatos/280001607833/pje-c6a5300b-Proposta%20de%20governo.pdf	implementação das políticas públicas voltadas para a (...) igualdade de salários entre homens e mulheres que desempenham a mesma ocupação laboral; O Estado brasileiro deve assegurar a proteção integral da dignidade humana das mulheres, (...) salários iguais para trabalhos iguais em todas as profissões; Em relação às mulheres, precisamos fortalecer programas, criar e fazer cumprir leis (...) incluindo acesso a (...) salários equivalentes; Incentivar políticas de igualdade salarial entre homens e mulheres			
6	Trabalho	Employment	Trabajo	6	Criação de políticas para prover trabalho híbrido e home office para mulheres com filhos	Creation of policies to provide hybrid work and home office for women with children	Creación de políticas para brindar trabajo híbrido y home office a mujeres con hijos	Bolsonaro	2022_10_22_2	https://divulgacandcontas.tse.jus.br/candidaturas/oficial/2022/BR/BR/544/candidatos/908966/5_1660093698051.pdf	implementação das políticas públicas voltadas para(...)a possibilidade de equilibrar, até mesmo por meio do trabalho híbrido ou home office, a difícil tarefa de cuidar dos filhos e prover sustento, devem ser objeto de política pública robusta, tempestiva e calcada na realidade e necessidades			
7	Trabalho	Employment	Trabajo	7	Criação de políticas que garantam a inclusão e permanência da população LGBTQIA+ no mercado de trabalho	Creation of policies that guarantee the inclusion and permanence of the LGBTQIA+ population in the labor market	Creación de políticas que garanticen la inclusión y permanencia de la población LGBTQIA+ en el mercado laboral	Lula;Ciro	2022_9_24_2	https://divulgacandcontas.tse.jus.br/candidaturas/oficial/2022/BR/BR/544/candidatos/280001607829/pje-3b1196fd-Proposta%20de%20governo.pdf;https://divulgacandcontas.tse.jus.br/candidaturas/oficial/2022/BR/BR/544/candidatos/882713/5_1659989903215.pdf	Políticas que garantam o direito desta população (LGBTQIA+) (...) a inclusão e permanência na (...) no mercado de trabalho.;Em relação à população LGBTQIA+, criaremos o Comitê Nacional de Políticas Públicas LGBTI+ (...) que efetivamente implemente o Plano Nacional de Promoção da Cidadania e Direitos Humanos LGBTI+, incluindo o amparo à seguridade de trabalho, emprego e renda.			
8	Segurança	Security	Seguridad	8	Expansão e melhoria dos programas de qualificação dos policiais e reestruturação de suas carreiras	Expand, redesign, and improve the qualification programs of the police	Ampliar, rediseñar y mejorar los programas de calificación de los policías	Lula;Ciro;Soraya	2022_9_29_1	https://divulgacandcontas.tse.jus.br/candidaturas/oficial/2022/BR/BR/544/candidatos/280001607829/pje-3b1196fd-Proposta%20de%20governo.pdf;https://divulgacandcontas.tse.jus.br/candidaturas/oficial/2022/BR/BR/544/candidatos/882713/5_1659989903215.pdf;https://divulgacandcontas.tse.jus.br/candidaturas/oficial/2022/BR/BR/544/candidatos/913738/5_1660315476677.pdf	melhoria da qualificação técnica dos policiais será uma busca permanente a ser alcançada dentre outras estratégias, pela reformulação dos processos de seleção, formação e capacitação continuada, pela atualização de doutrinas e pela padronização de procedimentos operacionais.; Certamente precisamos de profissionais qualificados e estimulados para o desempenho de suas atividades e portanto é necessário reestruturar as carreiras policiais valorizando e reconhecendo o desempenho do profissional que atua diretamente no combate ao crime e em contato com a população. Os programas de qualificação devem ser aprimorados e disseminados.;Apresentar projeto de reestruturação das  nossas polícias visando sua profissionalização e adequação às condições necessárias para atuar efetivamente em novas situações de segurança pública.			
9	Segurança	Security	Seguridad	9	Implementar diretrizes nacionais de promoção e defesa dos direitos humanos dos policiais	Implement national guidelines for the promotion and defense of police human rights	Implementar lineamientos nacionales para la promoción y defensa de los derechos humanos policiales	Lula	2022_10_7_2	https://divulgacandcontas.tse.jus.br/candidaturas/oficial/2022/BR/BR/544/candidatos/280001607829/pje-3b1196fd-Proposta%20de%20governo.pdf	Será aberto diálogo sobre a modernização das carreiras, a qualificação e a autonomia dos peritos, a padronização de escalas e jornadas de trabalho e outras estratégias de implementação das diretrizes nacionais de promoção e defesa dos direitos humanos dos policiais.			
10	Trabalho	Employment	Trabajo	10	Aperfeiçoar os planos de cargos e salários do servidor público com incentivos ao cumprimento de metas	Improve public job positions and salary plans with incentives related to goals	Mejorar los puestos de trabajo públicos y los planes salariales con incentivos afines a las metas	Bolsonaro;d'Avila	2022_10_5_2	https://divulgacandcontas.tse.jus.br/candidaturas/oficial/2022/BR/BR/544/candidatos/908966/5_1660093698051.pdf;https://divulgacandcontas.tse.jus.br/candidaturas/oficial/2022/BR/BR/544/candidatos/892517/5_1659557501045.pdf	O aperfeiçoamento dos seus planos de cargos e salários será um dos meios de incentivar o servidor assim como o reconhecimento de seus talentos suas potencialidades e a realização de suas promoções por mérito, fruto de avaliações que incentivem o cumprimento de metas.;Além disso, é necessário que o governo tenha um papel ativo e contínuo na gestão de pessoas que estão sob sua alçada e que sejam implementadas ferramentas de análise de performance periódicas para que os bons servidores sejam valorizados.			
11	Educação	Education	Educación	11	Comprometimento com as metas estipuladas pelo Plano Nacional de Educação	Commitment to the goals stipulated by the National Education Plan	Compromiso con las metas estipuladas por el Plan Nacional de Educación	Lula;Simone	2022_10_21_1	https://divulgacandcontas.tse.jus.br/candidaturas/oficial/2022/BR/BR/544/candidatos/280001607829/pje-3b1196fd-Proposta%20de%20governo.pdf;https://divulgacandcontas.tse.jus.br/candidaturas/oficial/2022/BR/BR/544/candidatos/280001607833/pje-c6a5300b-Proposta%20de%20governo.pdf	O país voltará a investir em educação de qualidade, no direito ao conhecimento e no fortalecimento da educação básica, da creche à pós-graduação coordenando ações articuladas e sistêmicas entre a União, Estados, Distrito Federal e Municípios retomando as metas do Plano Nacional de Educação.; Garantir que todos os alunos sejam plenamente alfabetizados até o segundo ano do ensino fundamental em cumprimento à BNCC e às metas do atual Plano Nacional de Educação			
12	Educação	Education	Educación	12	Investir em programas e ações específicas voltadas para a recuperação educacional daqueles afetados pela pandemia	Invest in specific programs and actions aimed at the educational recovery of those affected by the pandemic	Invertir en programas y acciones específicas encaminadas a la recuperación educativa de los afectados por la pandemia	Lula;Ciro;Bolsonaro;Simone;Soraya	2022_9_26_1	https://divulgacandcontas.tse.jus.br/candidaturas/oficial/2022/BR/BR/544/candidatos/280001607829/pje-3b1196fd-Proposta%20de%20governo.pdf;https://divulgacandcontas.tse.jus.br/candidaturas/oficial/2022/BR/BR/544/candidatos/882713/5_1659989903215.pdf;https://divulgacandcontas.tse.jus.br/candidaturas/oficial/2022/BR/BR/544/candidatos/908966/5_1660093698051.pdf;https://divulgacandcontas.tse.jus.br/candidaturas/oficial/2022/BR/BR/544/candidatos/280001607833/pje-c6a5300b-Proposta%20de%20governo.pdf;https://divulgacandcontas.tse.jus.br/candidaturas/oficial/2022/BR/BR/544/candidatos/913738/5_1660315476677.pdf	Para os alunos que ficaram defasados devidos às inúmeras limitações, materiais, pedagógicas ou tecnológicas, durante a crise sanitária afirmamos o compromisso do novo governo com um programa de recuperação educacional concomitante a educação regular para que possam superar esse grave déficit de aprendizagem.; Partindo dessas premissas, o Ensino Fundamental deve ser progressivamente integral ao longo dos próximos quatro anos com ênfase imediata na eliminação do atraso escolar provocado pela pandemia.;É importante dar continuidade na recuperação do ensino das crianças e jovens que foram prejudicados com o fechamento das escolas durante a pandemia.;Nosso programa também coloca, pela primeira vez na história, a educação no topo das prioridades nacionais, liderada e coordenada pela União, com um MEC que se dedique de fato a fazer nossas crianças e adolescentes aprender, recuperando o tempo perdido na pandemia.;O momento atual exige uma repactuação com governadores, secretários de educação nos estados e municípios, em torno de ações prioritárias, como a plena retomada das aulas, reposição de conteúdos pedagógicos e a dinamização da economia educacional, com segurança sanitária e a garantia de que os alunos serão bem atendidos. Isso pode ser feito com o uso da tecnologia de ensino a distância e de aulas presenciais através de um sistema híbrido.			
13	Educação	Education	Educación	13	Continuar a política de cotas sociais e raciais no ingresso ao ensino superior	Continue the policy of social and racial quotas for admission to higher education	Continuar con la política de cuotas sociales y raciales para el ingreso a la educación superior	Lula;Ciro;Simone		https://divulgacandcontas.tse.jus.br/candidaturas/oficial/2022/BR/BR/544/candidatos/280001607829/pje-3b1196fd-Proposta%20de%20governo.pdf;https://divulgacandcontas.tse.jus.br/candidaturas/oficial/2022/BR/BR/544/candidatos/882713/5_1659989903215.pdf;https://divulgacandcontas.tse.jus.br/candidaturas/oficial/2022/BR/BR/544/candidatos/280001607833/pje-c6a5300b-Proposta%20de%20governo.pdf	Asseguraremos a continuidade das políticas de cotas sociais e raciais na educação superior e nos concursos públicos federais, bem como sua ampliação para outras políticas públicas.;Em relação à população negra, a ação mais urgente é o acesso às universidades públicas e às vagas nos concursos públicos, mais especificamente o sistema de cotas, cuja prorrogação deverá ser avaliada este ano.;Estabelecer Política Nacional de Promoção da Equidade Racial, ampliar as políticas de cotas e ações afirmativas para promover maior igualdade racial, social.			
14	Educação	Education	Educación	14	Ações que garantam o acesso à internet na rede pública de ensino	Actions that guarantee internet access in public schools	Acciones que garantizan el acceso a internet en las escuelas públicas	Lula;Bolsonaro;Soraya;d'Avila	2022_9_26_2	https://divulgacandcontas.tse.jus.br/candidaturas/oficial/2022/BR/BR/544/candidatos/280001607829/pje-3b1196fd-Proposta%20de%20governo.pdf;https://divulgacandcontas.tse.jus.br/candidaturas/oficial/2022/BR/BR/544/candidatos/908966/5_1660093698051.pdf;https://divulgacandcontas.tse.jus.br/candidaturas/oficial/2022/BR/BR/544/candidatos/913738/5_1660315476677.pdf;https://divulgacandcontas.tse.jus.br/candidaturas/oficial/2022/BR/BR/544/candidatos/892517/5_1659557501045.pdf	Paralelamente, é dever do Estado universalizar o acesso à internet de qualidade, garantindo a democratização de seu uso por toda a população, especialmente na rede pública de educação básica.;É evidente a necessidade de se dar continuidade e consolidar ações complementares importantes, como: a democratização da internet nas escolas – notadamente as mais distantes dos grandes centros; Fomentar a implantação do ensino híbrido nas escolas, com acesso à internet e equipamentos necessários, em todo o Brasil e em todos os níveis de ensino.; Há diferentes recursos já criados para ampliar o acesso à internet nas escolas da rede pública nas áreas urbanas e rurais, mas falta uma gestão coordenada de todas essas iniciativas que impedem que esses recursos atinjam seus objetivos.			
15	Educação	Education	Educación	15	Fortalecimento dos planos de carreira e valorização dos professores	Strengthening career plans and valuing teachers	Fortalecimiento de los planes de carrera y valoración de los docentes	Lula;Bolsonaro;Ciro;Simone;Soraya	2022_9_28_2	https://divulgacandcontas.tse.jus.br/candidaturas/oficial/2022/BR/BR/544/candidatos/280001607829/pje-3b1196fd-Proposta%20de%20governo.pdf;https://divulgacandcontas.tse.jus.br/candidaturas/oficial/2022/BR/BR/544/candidatos/908966/5_1660093698051.pdf;https://divulgacandcontas.tse.jus.br/candidaturas/oficial/2022/BR/BR/544/candidatos/882713/5_1659989903215.pdf;https://divulgacandcontas.tse.jus.br/candidaturas/oficial/2022/BR/BR/544/candidatos/280001607833/pje-c6a5300b-Proposta%20de%20governo.pdf;https://divulgacandcontas.tse.jus.br/candidaturas/oficial/2022/BR/BR/544/candidatos/913738/5_1660315476677.pdf	O nosso objetivo é resgatar e fortalecer os princípios do projeto democrático de educação, que foi desmontado e aviltado. Para participar da sociedade do conhecimento, é fundamental o resgate de um projeto de educação que dialogue com o projeto de desenvolvimento nacional. Para isso, é preciso fortalecer a educação pública universal, democrática, gratuita, de qualidade, socialmente referenciada, laica e inclusiva, com valorização e reconhecimento público de seus profissionais.; serão reforçadas as ações de promoção das políticas de formação e valorização dos professores, fortalecendo os planos de carreira e remuneração, melhorando as condições de trabalho e saúde e fornecendo formação inicial e continuada que estimule a articulação entre teoria e prática.; A constante valorização e capacitação não só dos professores, mas também dos diretores escolares e outros profissionais da educação.; Incentivar a formação; a atualização e a valorização dos professores; Profissionalizar efetivamente a nobre carreira do professor, melhorando sua remuneração e qualificação técnico pedagógica.			
16	Educação	Education	Educación	16	Ações voltadas para a capacitação e qualificação dos professores 	Actions aimed at training and qualification of teachers	Acciones dirigidas a la formación y cualificación de los docentes	Bolsonaro;Ciro;Simone;Soraya;d'Avila	2022_9_27_2	https://divulgacandcontas.tse.jus.br/candidaturas/oficial/2022/BR/BR/544/candidatos/908966/5_1660093698051.pdf;https://divulgacandcontas.tse.jus.br/candidaturas/oficial/2022/BR/BR/544/candidatos/882713/5_1659989903215.pdf;https://divulgacandcontas.tse.jus.br/candidaturas/oficial/2022/BR/BR/544/candidatos/280001607833/pje-c6a5300b-Proposta%20de%20governo.pdf;https://divulgacandcontas.tse.jus.br/candidaturas/oficial/2022/BR/BR/544/candidatos/913738/5_1660315476677.pdf;https://divulgacandcontas.tse.jus.br/candidaturas/oficial/2022/BR/BR/544/candidatos/892517/5_1659557501045.pdf	Serão reforçadas as ações de promoção das políticas de formação e valorização dos professores, fortalecendo os planos de carreira e remuneração, melhorando as condições de trabalho e saúde e fornecendo formação inicial e continuada que estimule a articulação entre teoria e prática.; Nesse esforço, será essencial aprimorar o modelo pedagógico adotado para crianças e adolescentes, que precisam usufruir de um aprendizado contextualizado à realidade em que vivem. Para isso, é necessário adotar um amplo programa de formação e capacitação de professores; Incentivar a formação, a atualização e a valorização dos professores; Profissionalizar efetivamente a nobre carreira do professor, melhorando sua remuneração e qualificação técnico-pedagógica.; O governo federal deve ajudar na formação, avaliação e certificação de professores para a rede pública, que poderão ser usados pelas redes de acordo com suas necessidades.			
17	Educação	Education	Educación	17	Estabelecer os fundamentos básicos das disciplinas na educação, retirando as conotações ideológicas e tendo em vista os pais como principais atores na educação das crianças	Establish the basic foundations of the subjects, removing ideological connotations and with a view to parents as the main actors in children's education	Establecer los fundamentos básicos de las materias, eliminar connotaciones ideológicas y con miras a los padres como actores principales en la educación de los niños	Bolsonaro	2022_10_22_1	https://divulgacandcontas.tse.jus.br/candidaturas/oficial/2022/BR/BR/544/candidatos/908966/5_1660093698051.pdf	Ações que forneçam os fundamentos de importantes disciplinas como Matemática, Português, História, Geografia, Ciências de uma forma geral e outras, permitindo que os alunos possam exercer um pensamento crítico sem conotações ideológicas (...) É preciso ampliar o combate à violência institucional contra crianças e adolescentes, sob a premissa de que os pais são os principais atores na educação das crianças e não o Estado!			
18	Educação	Education	Educación	18	Fortalecer a educação democrática, laica e inclusiva com políticas específicas para pessoas com deficiência,  população LGBTQIA+  e outros grupos vulneráveis	Strengthen democratic, secular and inclusive education with specific policies for people with disabilities, the LGBTQIA+ population and among other vulnerable groups	Fortalecer la democracia, educación laica e inclusiva con políticas específicas para personas con discapacidad, la población LGBTQIA+ y entre otros grupos vulnerables	Lula	2022_10_23_2	https://divulgacandcontas.tse.jus.br/candidaturas/oficial/2022/BR/BR/544/candidatos/280001607829/pje-3b1196fd-Proposta%20de%20governo.pdf	Nosso objetivo é resgatar e fortalecer os princípios do projeto democrático de educação, que foi desmontado e aviltado. Para participar da sociedade do conhecimento, é fundamental o resgate de um projeto de educação que dialogue com o projeto de desenvolvimento nacional. Para isso, é preciso fortalecer a educação pública universal, democrática, gratuita, de qualidade, socialmente referenciada, laica e inclusiva, com valorização e reconhecimento público de seus profissionais. (...) Um Brasil inclusivo e acessível, com a garantia de direitos e respeito a pessoas com deficiência é uma de nossas metas. Para tanto é preciso assegurar às pessoas com deficiência e suas famílias o acesso à saúde, à educação, à cultura e ao esporte, e a inserção no mundo do trabalho. (...) Propomos políticas que garantam os direitos, o combate à discriminação e o respeito à cidadania LGBTQIA+ em suas diferentes formas de manifestação e expressão. Políticas que garantam o direito à saúde integral desta população, a inclusão e permanência na educação, no mercado de trabalho e que reconheçam o direito das identidades de gênero e suas expressões.			
19	Educação	Education	Educación	19	Investir no ensino profissionalizante alinhado às expectativas do mercado de trabalho	Investing in vocational education in line with labor market expectations	Invertir en formación profesional de acuerdo con las expectativas del mercado laboral	Ciro;Bolsonaro;Simone;d'Avila	2022_10_1_2	https://divulgacandcontas.tse.jus.br/candidaturas/oficial/2022/BR/BR/544/candidatos/882713/5_1659989903215.pdf;https://divulgacandcontas.tse.jus.br/candidaturas/oficial/2022/BR/BR/544/candidatos/908966/5_1660093698051.pdf;https://divulgacandcontas.tse.jus.br/candidaturas/oficial/2022/BR/BR/544/candidatos/280001607833/pje-c6a5300b-Proposta%20de%20governo.pdf;https://divulgacandcontas.tse.jus.br/candidaturas/oficial/2022/BR/BR/544/candidatos/892517/5_1659557501045.pdf	Incentivar o ensino profissionalizante para vencer os gargalos existentes e os que estão por vir, notadamente na área de tecnologia e correlatas, propiciará ao jovem a qualificação e capacitação.;Também deverá ser disseminado o Ensino Médio profissionalizante em tempo integral, com o suporte técnico e administrativo do governo federal para a sua implementação. Nesse sentido, será adotado o modelo "Minha escola, meu emprego, meu negócio", que, além de ensino profissionalizante, oferece aos seus alunos estágios remunerados pelo governo; Temos convicção de que dá para fazer diferente e transformar o futuro dos nossos estudantes num prazo curto, baseado em educação de tempo  integral, no novo ensino médio e numa nova base curricular que eduque para a cidadania e, sobretudo, aproxime o ensino médio, profissionalizante e técnico do mercado de trabalho, com professores valorizados e infraestrutura adequada; Defendemos incluir o ensino profissionalizante como forma de inserir os trabalhadores jovens nos novos mercados de trabalho.			
20	Educação	Education	Educación	63	Investir no sistema nacional de fomento do desenvolvimento tecnológico através de fundos e agências públicas como o CNPq e a CAPES	Invest in the national system to promote technological development through funds and public agencies such as CNPq and CAPES	Invertir en el sistema nacional para promover el desarrollo tecnológico a través de fondos y organismos públicos como CNPq y CAPES	Lula	2022_2_31_1	https://divulgacandcontas.tse.jus.br/candidaturas/oficial/2022/BR/BR/544/candidatos/280001607829/pje-3b1196fd-Proposta%20de%20governo.pdf	Recompor o sistema nacional de fomento do desenvolvimento científico e tecnológico, via fundos e agências públicas como o FNDCT, o CNPq e a CAPES.			
21	Educação	Education	Educación	20	Aliar o ensino presencial com o realizado na modalidade à distância na educação básica, analisando as peculiaridades regionais	Combining face-to-face teaching with distance learning in basic education, analyzing regional peculiarities	Combinar la enseñanza presencial con la educación a distancia en la educación básica, analizando las peculiaridades regionales	Bolsonaro;Soraya	2022_10_23_1	https://divulgacandcontas.tse.jus.br/candidaturas/oficial/2022/BR/BR/544/candidatos/908966/5_1660093698051.pdf;https://divulgacandcontas.tse.jus.br/candidaturas/oficial/2022/BR/BR/544/candidatos/913738/5_1660315476677.pdf	Também é preciso aliar o ensino presencial com o realizado na modalidade a distância, analisando e considerando aspectos e peculiaridades de cada região e microrregião, tais como: quantidade de escolas, distância da moradia dos alunos, infraestrutura disponível, conectividade, e necessidade de alimentação escolar, entre outros.; Fomentar a implantação do ensino híbrido nas escolas, com acesso à internet e equipamentos necessários, em todo o Brasil e em todos os níveis de ensino.			
22	Saúde	Health	Salud	21	Fortalecimento do programa nacional de vacinação	Strengthening the national vaccination program	Fortalecimiento del programa nacional de vacunación	Lula;Ciro;Simone	2022_10_1_1	https://divulgacandcontas.tse.jus.br/candidaturas/oficial/2022/BR/BR/544/candidatos/280001607829/pje-3b1196fd-Proposta%20de%20governo.pdf;https://divulgacandcontas.tse.jus.br/candidaturas/oficial/2022/BR/BR/544/candidatos/882713/5_1659989903215.pdf;https://divulgacandcontas.tse.jus.br/candidaturas/oficial/2022/BR/BR/544/candidatos/280001607833/pje-c6a5300b-Proposta%20de%20governo.pdf	É urgente dar condições ao SUS para Retomar o atendimento às demandas que foram represadas durante a pandemia, atender as pessoas com sequelas da covid-19 e retomar o reconhecido programa nacional de vacinação.; Vamos revigorar o Programa Nacional de Imunizações, com a retomada de grandes campanhas de vacinação.; Retomar as campanhas de incentivo à vacinação, ampliando a cobertura, e fortalecer o Programa Nacional de Imunizações			
23	Saúde	Health	Salud	22	Fortalecer o programa farmácia popular	Strengthen the popular pharmacy program	Fortalecer o programa farmacia popular	Lula;Ciro	2022_10_4_2	https://divulgacandcontas.tse.jus.br/candidaturas/oficial/2022/BR/BR/544/candidatos/280001607829/pje-3b1196fd-Proposta%20de%20governo.pdf;https://divulgacandcontas.tse.jus.br/candidaturas/oficial/2022/BR/BR/544/candidatos/882713/5_1659989903215.pdf	Reafirmamos o nosso compromisso com o fortalecimento do SUS público e universal, o aprimoramento da sua gestão, a valorização e formação de profissionais de saúde, a retomada de políticas como o Mais Médicos e o Farmácia Popular, bem como a reconstrução e fomento ao Complexo Econômico e Industrial da Saúde.; É também urgente a retomada do programa Farmácia Popular, que possibilitava o acesso dos menos favorecidos a medicamentos antes de ser extinto pelo atual governo. 			
24	Saúde	Health	Salud	23	Aprimoramento da gestão do SUS	Invest on the management of the SUS	Mejora de la gestión del SUS	Lula;Ciro;Bolsonaro;Soraya;d'Avila	2022_9_31_1	https://divulgacandcontas.tse.jus.br/candidaturas/oficial/2022/BR/BR/544/candidatos/280001607829/pje-3b1196fd-Proposta%20de%20governo.pdf;https://divulgacandcontas.tse.jus.br/candidaturas/oficial/2022/BR/BR/544/candidatos/882713/5_1659989903215.pdf;https://divulgacandcontas.tse.jus.br/candidaturas/oficial/2022/BR/BR/544/candidatos/908966/5_1660093698051.pdf;https://divulgacandcontas.tse.jus.br/candidaturas/oficial/2022/BR/BR/544/candidatos/913738/5_1660315476677.pdf;https://divulgacandcontas.tse.jus.br/candidaturas/oficial/2022/BR/BR/544/candidatos/892517/5_1659557501045.pdf	Faltam investimentos, ações preventivas, profissionais de saúde, consultas, exames e medicamentos. É urgente dar condições ao SUS para retomar o atendimento às demandas que foram represadas durante a pandemia, atender as pessoas com sequelas da covid-19 e retomar o reconhecido programa nacional de vacinação.; Finalmente, a obtenção dos objetivos estratégicos definidos no Plano de Governo 2023-2026 no âmbito da saúde exige avançar no aprimoramento da gestão do Sistema Único de Saúde – SUS; O fluxo do atendimento, na direção do primário para o especializado, também deve ser aprimorado. Para isso, estimularemos estados e municípios a adotar ações integradas, em especial na gestão da rede básica, das policlínicas e do atendimento hospitalar especializado e de alta complexidade.; Implementar processo de planejamento e gestão na saúde para atender efetivamente as necessidades básicas do cidadão.; Assumimos o compromisso de investir na formação de gestores de saúde e na qualificação dos profissionais assistenciais em competências de gestão.			
25	Saúde	Health	Salud	24	Ampliar a articulação entre os setores públicos e privados de saúde	Expand the articulation between the public and private health sectors	Ampliar la articulación entre el sector público y privado de la salud	Ciro;Bolsonaro;Soraya;d'Avila	2022_10_4_1	https://divulgacandcontas.tse.jus.br/candidaturas/oficial/2022/BR/BR/544/candidatos/882713/5_1659989903215.pdf;https://divulgacandcontas.tse.jus.br/candidaturas/oficial/2022/BR/BR/544/candidatos/908966/5_1660093698051.pdf;https://divulgacandcontas.tse.jus.br/candidaturas/oficial/2022/BR/BR/544/candidatos/913738/5_1660315476677.pdf;https://divulgacandcontas.tse.jus.br/candidaturas/oficial/2022/BR/BR/544/candidatos/892517/5_1659557501045.pdf	Finalmente, a obtenção dos objetivos estratégicos definidos no Plano de Governo 2023-2026 no âmbito da saúde exige avançar no aprimoramento da gestão do Sistema Único de Saúde – SUS, ampliando e melhorando a articulação entre os setores público e privado (complementar e suplementar) mediante o aperfeiçoamento dos mecanismos de regulação e aumento da eficiência e a equidade do gasto, com adequação do financiamento às necessidades da população.; Será necessário estruturar uma central permanente de regulação e firmar parcerias com a rede privada para reduzir, em um ano, a grande fila de atendimentos a todo tipo de demandas (consultas, diagnósticos por meio de exames, cirurgias).; Adotar medidas de gestão administrativa e financeira através da implantação de Parcerias Públicas-Privadas (PPPs), com foco na melhoria da qualidade dos serviços públicos oferecidos à população, que assegurem e aumentem a qualidade do atendimento do Sistema Único de Saúde (SUS).; ESTIMULAR O SETOR PRIVADO A TRABALHAR COM O SUS			
26	Saúde	Health	Salud	25	Incentivar pesquisas relacionadas a medicamentos	Encourage research related to medicines	Fomentar la investigación relacionada con los medicamentos	Ciro;Soraya	2022_2_31_1	https://divulgacandcontas.tse.jus.br/candidaturas/oficial/2022/BR/BR/544/candidatos/882713/5_1659989903215.pdf;https://divulgacandcontas.tse.jus.br/candidaturas/oficial/2022/BR/BR/544/candidatos/913738/5_1660315476677.pdf	Ciro; Soraya			
27	Saúde	Health	Salud	26	Políticas específicas de saúde voltadas para mulheres, população LGBTQIA+, pessoas com deficiência e entre outros grupos vulneráveis	Specific health policies aimed at women, LGBTQIA+ population, disabled people and among other vulnerable groups	Políticas específicas de salud dirigidas a las mujeres, población LGBTQIA+, personas discapacitadas y entre otros grupos vulnerables	Lula	2022_10_24_1	https://divulgacandcontas.tse.jus.br/candidaturas/oficial/2022/BR/BR/544/candidatos/280001607829/pje-3b1196fd-Proposta%20de%20governo.pdf	Com políticas de saúde integral, vamos fortalecer no SUS as condições para que todas as mulheres tenham acesso à prevenção de doenças e que sejam atendidas segundo as particularidades de cada fase de suas vidas. (...) Propomos políticas que garantam os direitos, o combate à discriminação e o respeito à cidadania LGBTQIA+ em suas diferentes formas de manifestação e expressão. Políticas que garantam o direito à saúde integral desta população, a inclusão e permanência na educação, no mercado de trabalho e que reconheçam o direito das identidades de gênero e suas expressões. (...)  Para tanto é preciso assegurar às pessoas com deficiência e suas famílias o acesso à saúde, à educação, à cultura e ao esporte, e a inserção no mundo do trabalho. Nosso compromisso é romper as barreiras do capacitismo e assegurar a todos os brasileiros e brasileiras inserção social, oportunidades e autonomia.			
28	Saúde	Health	Salud	27	Continuar programas relacionados ao incentivo de atividade física para a atenção primária	Continue programs related to encouraging physical activity for primary care	Continuar con los programas relacionados con el fomento de la actividad física para la atención primaria	Bolsonaro	2022_10_24_2	https://divulgacandcontas.tse.jus.br/candidaturas/oficial/2022/BR/BR/544/candidatos/908966/5_1660093698051.pdf	Deve-se dar continuidade a programas exitosos como o Incentivo de Atividade Física para a Atenção Primária, uma vez que 15% do total de internações pelo SUS é atribuído à falta de exercícios físicos			
29	Saúde	Health	Salud	28	Reforçar a consolidação do programa nacional de apoio a atenção oncológica	Reinforce the consolidation of the national cancer care support program	Reforzar la consolidación del programa nacional de apoyo a la atención del cáncer	Bolsonaro	2022_10_26_1	https://divulgacandcontas.tse.jus.br/candidaturas/oficial/2022/BR/BR/544/candidatos/908966/5_1660093698051.pdf	Se reforçarão as ações tendentes à consolidação do Programa Nacional de Apoio à Atenção  Oncológica (Pronon), instituído pela Lei nº 12.715/2012. Esse programa tem como propósito ampliar a oferta de serviços e expandir a prestação de serviços médico-assistenciais no  ampo das doenças oncológicas.			
30	Saúde	Health	Salud	29	Estruturar a carreira médica no SUS com mecanismos de atratividade e reconhecimento	Structuring the medical career in the SUS with mechanisms of attraction and recognition	Estructuración de la carrera de medicina en el SUS con mecanismos de atracción y reconocimiento	Ciro	2022_2_31_1	https://divulgacandcontas.tse.jus.br/candidaturas/oficial/2022/BR/BR/544/candidatos/882713/5_1659989903215.pdf	Vamos também valorizar a classe médica, que tem  salvado muitas vidas no país, em especial durante a pandemia.  Vamos discutir, no âmbito do SUS, a estrutura da carreira de médicos, mecanismos de atratividade, qualificação, reconhecimento e estímulo ao bom desempenho, com cobrança de resultados.			
31	Saúde	Health	Salud	30	Unidades de saúde com bom desempenho deverão monitorar e auxiliar as de desempenho inferior.	Health facilities with good performance should monitor and assist those with lower performance	Los establecimientos de salud con buen desempeño deben monitorear y ayudar a aquellos con menor desempeño	Ciro	2022_2_31_1	https://divulgacandcontas.tse.jus.br/candidaturas/oficial/2022/BR/BR/544/candidatos/882713/5_1659989903215.pdf	Da mesma forma que na educação, unidades com bom desempenho deverão monitorar e auxiliar as de desempenho inferior.			
32	Economia	Economy	Economía	31	Ampliar a privatização de empresas estatais e concessões da infraestrutura nacional	Expand the privatization of state-owned companies and national infrastructure concessions	Ampliar la privatización de empresas estatales y concesiones de infraestructura nacional	Bolsonaro;Simone;d'Avila	2022_10_25_2	https://divulgacandcontas.tse.jus.br/candidaturas/oficial/2022/BR/BR/544/candidatos/908966/5_1660093698051.pdf;https://divulgacandcontas.tse.jus.br/candidaturas/oficial/2022/BR/BR/544/candidatos/280001607833/pje-c6a5300b-Proposta%20de%20governo.pdf;https://divulgacandcontas.tse.jus.br/candidaturas/oficial/2022/BR/BR/544/candidatos/892517/5_1659557501045.pdf	Ampliar e Fortalecer o Processo de Desestatização e Concessões da Infraestrutura Nacional; Nosso governo será o governo das concessões, das parcerias público-privadas, das privatizações e da desestatização, sob coordenação do BNDES e com recursos destinados à redução da pobreza e à educação infantil;  Internamente, o estado pode acelerar o crescimento econômico e estimular a competitividade das indústrias brasileiras ao concentrar seus investimentos em infraestrutura, e reduzir ineficiências de mercados ao quebrar monopólios, incentivar a concorrência e privatizar empresas que estão sob controle estatal			
33	Economia	Economy	Economía	32	Políticas de valorização de estatais e contrárias à privatização	Policy for valuing state-owned companies and those against privatization	Política de valoración de las empresas estatales y contrarias a la privatización	Lula	2022_10_8_1	https://divulgacandcontas.tse.jus.br/candidaturas/oficial/2022/BR/BR/544/candidatos/280001607829/pje-3b1196fd-Proposta%20de%20governo.pdf;https://divulgacandcontas.tse.jus.br/candidaturas/oficial/2022/BR/BR/544/candidatos/882713/5_1659989903215.pdf	Será necessário proteger o patrimônio do país e recompor o papel indutor e coordenador do Estado e das empresas estatais para que cumpram, com agilidade e dinamismo, seu papel no processo de desenvolvimento econômico e progresso social, produtivo e ambiental do país.			
34	Economia	Economy	Economía	33	Ações de incentivo à economia criativa	Actions to encourage the creative economy	Acciones para fomentar la economía creativa	Lula;Ciro;Simone;Soraya;d'Avila	2022_2_29_1	https://divulgacandcontas.tse.jus.br/candidaturas/oficial/2022/BR/BR/544/candidatos/280001607829/pje-3b1196fd-Proposta%20de%20governo.pdf;https://divulgacandcontas.tse.jus.br/candidaturas/oficial/2022/BR/BR/544/candidatos/882713/5_1659989903215.pdf;https://divulgacandcontas.tse.jus.br/candidaturas/oficial/2022/BR/BR/544/candidatos/280001607833/pje-c6a5300b-Proposta%20de%20governo.pdf;https://divulgacandcontas.tse.jus.br/candidaturas/oficial/2022/BR/BR/544/candidatos/913738/5_1660315476677.pdf;https://divulgacandcontas.tse.jus.br/candidaturas/oficial/2022/BR/BR/544/candidatos/892517/5_1659557501045.pdf	Propomos a retomada dos investimentos em infraestrutura e em habitação, a reindustrialização nacional em novas bases tecnológicas e ambientais, a reforma agrária e o estímulo à economia solidária, à economia criativa e à economia verde inclusiva, baseada na conservação; na restauração e no uso sustentável da nossa biodiversidade.; estimularemos as diversas atividades da chamada economia criativa, que vem se constituindo em um importante ramo da atividade econômica e de criação de empregos para os jovens em atividades que contribuem para a melhoria de seu bem-estar.; A cultura voltará a ser tratada com o status, a atenção e a importância que merece, com a recriação de um ministério específico, para articular políticas com estados e municípios como estratégia de desenvolvimento, cidadania e fortalecimento da economia criativa.; Investir em turismo, ecoturismo, turismo de negócio, na economia criativa e da cultura; Cultura, turismo e economia criativa como motores do desenvolvimento			
35	Economia	Economy	Economía	34	Políticas e ações para renegociação de dívidas das famílias e das empresas	Policies and actions for debt renegotiation of households and companies	Políticas y acciones para la renegociación de la deuda de familias y empresas	Lula;Ciro	2022_10_26_2	https://divulgacandcontas.tse.jus.br/candidaturas/oficial/2022/BR/BR/544/candidatos/280001607829/pje-3b1196fd-Proposta%20de%20governo.pdf;https://divulgacandcontas.tse.jus.br/candidaturas/oficial/2022/BR/BR/544/candidatos/882713/5_1659989903215.pdf	Como a renda familiar dos brasileiros e brasileiras desabou e o endividamento das famílias explodiu, já são mais de 66 milhões de pessoas inadimplentes, vamos promover a renegociação das dívidas das famílias e das pequenas e médias empresas por meio dos bancos públicos e incentivos aos bancos privados para oferecer condições adequadas de negociação com os devedores. Avançaremos na regulação e incentivaremos medidas para ampliar a oferta e reduzir o custo do crédito, ampliando a concorrência no sistema bancário.; Vamos refinanciar as dívidas das familias e das empresas, de forma que possam reestabelecer o crédito e ajudar na engrenagem da economia. Levando em conta que a dívida médias das pessoas é de R$ 4,2 mil reais - quantia que a maioria não tem como pagar - a proposta do PND é estimular os credores a dar um desconto de 70%, reduzindo essa dívida média pra cerca de R$ 1.400. Esse valor seria então financiado pela Caixa Econômica e o Banco do Brasil em 36 vezes e três anos de carência. Um programa nos mesmos moldes também ajudaria as mais de seis milhões de empresas que estão com o nome no Serasa. 			
36	Economia	Economy	Economía	35	Revogação do teto de gastos	Revocation of the spending ceiling	Revocación del techo de gasto	Lula	2022_10_9_2	https://divulgacandcontas.tse.jus.br/candidaturas/oficial/2022/BR/BR/544/candidatos/280001607829/pje-3b1196fd-Proposta%20de%20governo.pdf	Vamos recolocar os pobres e os trabalhadores no orçamento. Para isso, é preciso revogar o teto de gastos e rever o atual regime fiscal brasileiro, atualmente disfuncional e sem credibilidade			
37	Economia	Economy	Economía	36	Reduzir a tributação sobre o consumo aumentando a tributação na renda de forma progressiva (de modo que os mais ricos paguem mais)	Tax reform with change in burden reducing taxation on consumption and increasing income progressively so that the richest pay more	Reforma tributaria con cambio de gravamen, reducir los impuestos sobre el consumo y aumentar progresivamente los ingresos para que los más ricos paguen más	Lula;Ciro	2022_10_10_1	https://divulgacandcontas.tse.jus.br/candidaturas/oficial/2022/BR/BR/544/candidatos/280001607829/pje-3b1196fd-Proposta%20de%20governo.pdf;https://divulgacandcontas.tse.jus.br/candidaturas/oficial/2022/BR/BR/544/candidatos/882713/5_1659989903215.pdf	Proporemos uma reforma tributária solidária, justa e sustentável, que simplifique tributos e em que os pobres paguem menos e os ricos paguem mais. Essa reforma será construída na perspectiva do desenvolvimento, “simplificando” e reduzindo a tributação do consumo, corrigindo a injustiça tributária ao garantir a progressividade tributária, preservando o financiamento do Estado de bem estar social, restaurando o equilíbrio federativo, contemplando a transição para uma economia ecologicamente sustentável e aperfeiçoando a tributação sobre o comércio internacional, desonerando, progressivamente, produtos com maior valor agregado e tecnologia embarcada;  Taxação de grandes fortunas (0,5% sobre fortunas acima de R$ 20 milhões, alcançando em torno de 60 mil contribuintes e gerando aproximadamente RS 60 bi de receitas). Vamos alterar a composição da carga tributária no país, o que significa, em termos proporcionais, uma redução da tributação sobre a produção/consumo e a elevação da tributação sobre a renda.			
38	Economia	Economy	Economía	37	Isenção do imposto de renda de trabalhadores que recebam até 5 salários mínimos	No income tax for workers making up to 5 minimum wages.	No hay impuesto sobre la renta para los trabajadores que ganan hasta 5 salarios mínimos.	Bolsonaro	2022_10_9_1	https://divulgacandcontas.tse.jus.br/candidaturas/oficial/2022/BR/BR/544/candidatos/908966/5_1660093698051.pdf	Isentar os trabalhadores que recebam até cinco salários mínimos durante a gestão 2023-2026.			
39	Economia	Economy	Economía	38	Ações para coibir a sonegação de impostos	Actions to curb tax evasion	Acciones para frenar la evasión fiscal	Lula	2022_10_13_1	https://divulgacandcontas.tse.jus.br/candidaturas/oficial/2022/BR/BR/544/candidatos/280001607829/pje-3b1196fd-Proposta%20de%20governo.pdf	Queremos, também, corrigir um mecanismo que historicamente transfere renda das camadas mais pobres para as camadas de maior renda da sociedade: a sonegação de impostos			
40	Economia	Economy	Economía	39	Nova política de preços dos combustíveis 	New fuel pricing policy	Nueva política de precios de combustibles	Lula;Ciro	2022_10_20_1	https://divulgacandcontas.tse.jus.br/candidaturas/oficial/2022/BR/BR/544/candidatos/280001607829/pje-3b1196fd-Proposta%20de%20governo.pdf;https://divulgacandcontas.tse.jus.br/candidaturas/oficial/2022/BR/BR/544/candidatos/882713/5_1659989903215.pdf	Transição para uma nova política de preços dos combustíveis e do gás, que considere os custos nacionais e que seja adequada à ampliação dos investimentos em refino e distribuição e à redução da carestia. Os ganhos do pré-sal não podem se esvair por uma política de preços internacionalizada e dolarizada: é preciso abrasileirar o preço dos combustíveis e ampliar a produção nacional de derivados, com expansão do parque de refino.; Uma das nossas prioridades será mudar a política de preços da Petrobras, que hoje só beneficia os importadores e acionistas, mas prejudica toda a sociedade brasileira, dado seu impacto sobre a inflação.			
41	Economia	Economy	Economía	40	Consolidar e ampliar ações de regularização fundiária aliadas ao fortalecimento dos institutos legais que assegurem o acesso à arma de fogo	Consolidate and expand land regularization actions, allied to the strengthening of legal institutions that ensure access to firearms	Consolidar y ampliar las acciones de regularización de tierras, aliado al fortalecimiento de las instituciones jurídicas que aseguren el acceso a las armas de fuego	Bolsonaro	2022_10_10_2	https://divulgacandcontas.tse.jus.br/candidaturas/oficial/2022/BR/BR/544/candidatos/908966/5_1660093698051.pdf	Serão consolidadas e ampliadas todas essas ações de regularização fundiária, aliadas ao direito fundamental à legítima defesa e ao fortalecimento dos institutos legais que assegurem o acesso à arma de fogo aos cidadãos, garantindo o direito à propriedade, reduzindo os conflitos no campo e as invasões.			
42	Economia	Economy	Economía	41	Incentivar o empreendedorismo feminino através da facilitação do crédito e microcrédito	Encouraging female entrepreneurship through the facilitation of credit and microcredit	Fomentar el espíritu empresarial femenino a través de la facilitación de crédito y microcrédito	Bolsonaro;Ciro;Simone	2022_10_13_2	https://divulgacandcontas.tse.jus.br/candidaturas/oficial/2022/BR/BR/544/candidatos/908966/5_1660093698051.pdf;https://divulgacandcontas.tse.jus.br/candidaturas/oficial/2022/BR/BR/544/candidatos/882713/5_1659989903215.pdf;https://divulgacandcontas.tse.jus.br/candidaturas/oficial/2022/BR/BR/544/candidatos/280001607833/pje-c6a5300b-Proposta%20de%20governo.pdf	Ações de promoção e capacitação para ampliar a participação das mulheres no (...) empreendedorismo (pela capacitação e democratização do acesso ao crédito e microcrédito).; Também serão implantados programas de microcrédito específicos para a população feminina; Ampliar o microcrédito produtivo e unificar programas com foco em inclusão produtiva; com atenção especial a mulheres empreendedoras			
43	Economia	Economy	Economía	42	Incentivar o empreendedorismo através da facilitação de crédito e desburocratização 	Encouraging entrepreneurship through credit facilitation and debureaucratization	Fomentar el espíritu empresarial a través de la facilitación del crédito y la desburocratización	Lula;Bolsonaro	2022_10_2_1	https://divulgacandcontas.tse.jus.br/candidaturas/oficial/2022/BR/BR/544/candidatos/280001607829/pje-3b1196fd-Proposta%20de%20governo.pdf;https://divulgacandcontas.tse.jus.br/candidaturas/oficial/2022/BR/BR/544/candidatos/908966/5_1660093698051.pdf	Criar um ambiente em que empreendedores individuais, sociais e o cooperativismo em geral contem com um mosaico de oportunidades que assegure crédito facilitado, assistência técnica e, em gestão, acesso à tecnologia, prioridades em compras públicas e superação de burocracia.; O fomento do crédito à produção e a promoção do empreendedorismo são fundamentais. (...) desburocratizar e desregular as normas para favorecer a criação de empresas e o empreendedorismo			
44	Economia	Economy	Economía	43	Reduzir os custos de produção agrícola e o preço de comercialização de alimentos	Reduce agricultural production costs and marketing price	Reducir los costos de producción agrícola y el precio de comercialización.	Lula	2022_10_14_2	https://divulgacandcontas.tse.jus.br/candidaturas/oficial/2022/BR/BR/544/candidatos/280001607829/pje-3b1196fd-Proposta%20de%20governo.pdf	A experiência brasileira já demonstrou que esse é o caminho para superar a crise alimentar e ampliar a produção de alimentação adequada e saudável, por meio de medidas que reduzam os custos de produção e o preço de comercialização de alimentos frescos e de boa qualidade			
45	Estado e Assistência Social	Government and Social Support	Estado y Asistencia Social	44	Criar um novo Comitê Nacional de Políticas Públicas LGBTI+ 	Create a new National LGBTI+ Public Policy Committee	Crear un nuevo Comité Nacional de Políticas Públicas LGBTI+	Ciro	2022_2_31_1	https://divulgacandcontas.tse.jus.br/candidaturas/oficial/2022/BR/BR/544/candidatos/882713/5_1659989903215.pdf	Em relação à população LGBTQIA+, criaremos o Comitê Nacional de Políticas Públicas LGBTI+ com representantes estaduais, assim como uma Secretaria Nacional de Políticas Públicas para a Cidadania da população LGBTI+ que efetivamente implemente o Plano Nacional de Promoção da Cidadania e Direitos Humanos LGBTI+			
46	Estado e Assistência Social	Government and Social Support	Estado y Asistencia Social	45	Ampliar a participação de mulheres na política e gestão pública	Increase the participation of women in politics and public management	Aumentar la participación de las mujeres en la política y la gestión pública	Ciro;Bolsonaro;Lula;Simone	2022_9_29_2	https://divulgacandcontas.tse.jus.br/candidaturas/oficial/2022/BR/BR/544/candidatos/882713/5_1659989903215.pdf;https://divulgacandcontas.tse.jus.br/candidaturas/oficial/2022/BR/BR/544/candidatos/908966/5_1660093698051.pdf;https://divulgacandcontas.tse.jus.br/candidaturas/oficial/2022/BR/BR/544/candidatos/280001607829/pje-3b1196fd-Proposta%20de%20governo.pdf;https://divulgacandcontas.tse.jus.br/candidaturas/oficial/2022/BR/BR/544/candidatos/280001607833/pje-c6a5300b-Proposta%20de%20governo.pdf	Promoção das mulheres na ciência, nas artes, na representação política, na gestão pública e no empreendedorismo.; ações de promoção e capacitação para ampliar a participação das mulheres no parlamento; Equiparação quantitativa entre homens e mulheres na ocupação de cargos de direção na administração pública federal; Nosso compromisso é com a nomeação de um ministério paritário entre homens e mulheres.			
47	Estado e Assistência Social	Government and Social Support	Estado y Asistencia Social	46	A abertura completa do sigilo bancário e fiscal de ocupantes de cargos de primeiro e segundo escalão no Poder Executivo.	The complete opening of banking and fiscal secrecy of first and second level positions in the Executive Power.	La apertura total del secreto bancario y fiscal de los cargos de primer y segundo nivel del Poder Ejecutivo	Ciro	2022_2_31_1	https://divulgacandcontas.tse.jus.br/candidaturas/oficial/2022/BR/BR/544/candidatos/882713/5_1659989903215.pdf	A abertura completa do sigilo bancário e fiscal de ocupantes de cargos de primeiro e segundo escalão no Poder Executivo.			
48	Estado e Assistência Social	Government and Social Support	Estado y Asistencia Social	47	Adesão formal do país à Recomendação de Integridade Pública do Conselho da OCDE	Country's formal adherence to the OECD Council's Public Integrity Recommendation	Adhesión formal del país a la Recomendación de Integridad Pública del Consejo de la OCDE	Bolsonaro	2022_10_14_1	https://divulgacandcontas.tse.jus.br/candidaturas/oficial/2022/BR/BR/544/candidatos/908966/5_1660093698051.pdf	Para o futuro, esperamos o resultado do Peer Review de Integridade Pública – a OCDE está fazendo a avaliação de integridade pública do Brasil –, que possibilitará a adesão formal do país à Recomendação de Integridade Pública do Conselho da OCDE. 			
49	Estado e Assistência Social	Government and Social Support	Estado y Asistencia Social	48	Implementar uma estratégia federal de Integridade Pública 	Implement a federal Public Integrity strategy	Implementar una estrategia federal de Integridad Pública	Bolsonaro	2022_10_15_1	https://divulgacandcontas.tse.jus.br/candidaturas/oficial/2022/BR/BR/544/candidatos/908966/5_1660093698051.pdf	Implementação da Estratégia Federal de Integridade Pública			
50	Estado e Assistência Social	Government and Social Support	Estado y Asistencia Social	49	Propor regras de transparência dos beneficiários finais de recursos públicos	Propose rules for the transparency of final beneficiaries of public resources	Proponer reglas para la transparencia de los beneficiarios finales de los recursos públicos.	Bolsonaro	2022_10_16_1	https://divulgacandcontas.tse.jus.br/candidaturas/oficial/2022/BR/BR/544/candidatos/908966/5_1660093698051.pdf	Estudo para propor regras de transparência dos beneficiários finais de recursos públicos.			
51	Estado e Assistência Social	Government and Social Support	Estado y Asistencia Social	50	Investimento nas Forças Armadas e fomento de sua participação internacional como em missões patrocinadas pela ONU	Investment in the Armed Forces and promotion of their international participation as in UN-sponsored missions	Inversión en las Fuerzas Armadas y promoción de su participación internacional como en las misiones patrocinadas por la ONU	Bolsonaro;Simone	2022_10_19_2	https://divulgacandcontas.tse.jus.br/candidaturas/oficial/2022/BR/BR/544/candidatos/908966/5_1660093698051.pdf;https://divulgacandcontas.tse.jus.br/candidaturas/oficial/2022/BR/BR/544/candidatos/280001607833/pje-c6a5300b-Proposta%20de%20governo.pdf	Ampliando os planos de investimento e melhoria das capacidades das Forças Armadas, (...) participar de acordos e operações internacionais, notadamente aqueles que busquem a paz, como as missões patrocinadas pela ONU.; Intensificar a participação em forças de paz internacionais, reforçando o intercâmbio, a visão geopolítica global e a posição pacifista e universal de nossas Forças Armadas			
52	Estado e Assistência Social	Government and Social Support	Estado y Asistencia Social	51	Manter o valor de 600 reais para o Auxílio Brasil	Maintain the value of 600 reais for Auxílio Brasil	Mantienen valor de 600 reales para Auxílio Brasil	Bolsonaro	2022_10_25_1	https://divulgacandcontas.tse.jus.br/candidaturas/oficial/2022/BR/BR/544/candidatos/908966/5_1660093698051.pdf	Um dos compromissos prioritários do governo reeleito será a manutenção do valor de 600 reais para o Auxílio Brasil a partir de janeiro de 2023.			
53	Estado e Assistência Social	Government and Social Support	Estado y Asistencia Social	52	Criar programa que amplie a garantia da cidadania para os mais vulneráveis e traga uma renda mínima universal	Create a program that expands the guarantee of citizenship for the most vulnerable and brings a universal minimum income	Crear un programa que amplíe la garantía de ciudadanía para los más vulnerables y traiga un ingreso mínimo universal	Lula;Ciro;Simone	2022_10_15_2	https://divulgacandcontas.tse.jus.br/candidaturas/oficial/2022/BR/BR/544/candidatos/280001607829/pje-3b1196fd-Proposta%20de%20governo.pdf;https://divulgacandcontas.tse.jus.br/candidaturas/oficial/2022/BR/BR/544/candidatos/882713/5_1659989903215.pdf;https://divulgacandcontas.tse.jus.br/candidaturas/oficial/2022/BR/BR/544/candidatos/280001607833/pje-c6a5300b-Proposta%20de%20governo.pdf	Um programa Bolsa Família renovado e ampliado precisa ser implantado com urgência para garantir renda compatível com as atuais necessidades da população. (...)  viabilizará a transição por etapas, no rumo de um sistema universal e uma renda básica de cidadania.; Vamos implantar o programa de Renda Mínima Universal, que daremos o nome de Eduardo Suplicy, englobando os pagamentos feitos pelo Auxílio Brasil, o Seguro Desemprego e a Aposentadoria Rural.; Instituir benefício de renda mínima para eliminar a pobreza extrema, levando em conta a composição familiar e a insuficiência de renda			
66	Estado e Assistência Social	Government and Social Support	Estado y Asistencia Social	66	Políticas voltadas para a cultura por meio de articulação com instituições e empresas do setor privado e organizações da sociedade civil	Culture-focused policies through articulation with private sector institutions and companies and civil society organizations	Políticas enfocadas en la cultura a través de la articulación con instituciones y empresas del sector privado y organizaciones de la sociedad civil	Bolsonaro	2022_10_20_2	https://divulgacandcontas.tse.jus.br/candidaturas/oficial/2022/BR/BR/544/candidatos/908966/5_1660093698051.pdf	fortalecerá a gestão das políticas públicas para a cultura, por meio da ampliação das capacidades de planejamento e execução de metas, a articulação das esferas dos poderes públicos, o estabelecimento de redes institucionais das três esferas de governo e a articulação com instituições e empresas do setor privado e organizações da sociedade civil.			
67	Estado e Assistência Social	Government and Social Support	Estado y Asistencia Social	67	Aumentar a transparência através do cumprimento da Lei de Acesso à Informação	Increase transparency through compliance with the Access to Information Law	Incrementar la transparencia a través del cumplimiento de la Ley de Acceso a la Información	Lula;d'Avila	2022_10_21_2	https://divulgacandcontas.tse.jus.br/candidaturas/oficial/2022/BR/BR/544/candidatos/280001607829/pje-3b1196fd-Proposta%20de%20governo.pdf;https://divulgacandcontas.tse.jus.br/candidaturas/oficial/2022/BR/BR/544/candidatos/892517/5_1659557501045.pdf	Vamos reabrir o governo, resgatar a transparência e garantir o cumprimento da Lei de Acesso à Informação.; Aumentar a transparência e o controle das atividades do governo federal, garantindo uma rigorosa ampliação da Lei de Acesso à Informação.			
68	Estado e Assistência Social	Government and Social Support	Estado y Asistencia Social	68	Preservação da cultura e da demarcação das terras  indígenas e quilombolas	Preservation of culture and demarcation of indigenous and quilombolas lands	Preservación de la cultura y demarcación de tierras indígenas y quilombolas	Lula;Ciro;d'Avila	2022_10_16_2	https://divulgacandcontas.tse.jus.br/candidaturas/oficial/2022/BR/BR/544/candidatos/280001607829/pje-3b1196fd-Proposta%20de%20governo.pdf;https://divulgacandcontas.tse.jus.br/candidaturas/oficial/2022/BR/BR/544/candidatos/882713/5_1659989903215.pdf;https://divulgacandcontas.tse.jus.br/candidaturas/oficial/2022/BR/BR/544/candidatos/892517/5_1659557501045.pdf	Estamos comprometidos com a proteção dos direitos e dos territórios dos povos indígenas, quilombolas e populações tradicionais. Temos o dever de assegurar a posse de suas terras, impedindo atividades predatórias, que prejudiquem seus direitos. É fundamental implementar políticas que lhes assegurem vida digna e cidadania, respeitando e valorizando sua cultura, tradições, modo de vida e conhecimentos tradicionais; Urge que as reservas territoriais destinadas à sua população sejam respeitadas, preservadas e não sejam exploradas de forma ilegal por outros grupos étnicos. A cultura indígena deve ser preservada, bem como as atividades produtivas que eles realizam para seu sustento.; Defender os direitos de propriedade para povos indígenas com revisão da legislação, tendo como premissa o respeito às especificidades culturais, viabilizando a inclusão econômica e o protagonismo indígena. 			
54	Meio Ambiente	Environment	Medio Ambiente	53	Incentivar a atividade minerária com o compromisso à proteção ao meio ambiente	Encouraging mining activity within a logic of environmental protection	Fomentar la actividad minera dentro de una lógica de protección ambiental	Lula;Bolsonaro	2022_10_17_1	https://divulgacandcontas.tse.jus.br/candidaturas/oficial/2022/BR/BR/544/candidatos/280001607829/pje-3b1196fd-Proposta%20de%20governo.pdf;https://divulgacandcontas.tse.jus.br/candidaturas/oficial/2022/BR/BR/544/candidatos/908966/5_1660093698051.pdf	A atividade minerária deve ser estimulada por meio de maiores encadeamentos industriais internos e compromisso com a proteção ao meio ambiente, direitos dos trabalhadores e respeito às comunidades locais.; No próximo governo, a atividade (minerária) deve ser estimulada para que se atinja o desejado desenvolvimento socioeconômico e a proteção do patrimônio ambiental, binômio que representa o desenvolvimento sustentável.			
55	Meio Ambiente	Environment	Medio Ambiente	54	Ações de combate à mineração ilegal	Actions to combat illegal mining	Acciones para combatir la minería ilegal	Lula;Bolsonaro;Simone;Soraya;d'Avila	2022_10_17_2	https://divulgacandcontas.tse.jus.br/candidaturas/oficial/2022/BR/BR/544/candidatos/280001607829/pje-3b1196fd-Proposta%20de%20governo.pdf;https://divulgacandcontas.tse.jus.br/candidaturas/oficial/2022/BR/BR/544/candidatos/908966/5_1660093698051.pdf;https://divulgacandcontas.tse.jus.br/candidaturas/oficial/2022/BR/BR/544/candidatos/280001607833/pje-c6a5300b-Proposta%20de%20governo.pdf;https://divulgacandcontas.tse.jus.br/candidaturas/oficial/2022/BR/BR/544/candidatos/913738/5_1660315476677.pdf;https://divulgacandcontas.tse.jus.br/candidaturas/oficial/2022/BR/BR/544/candidatos/892517/5_1659557501045.pdf	O padrão de regulação minerária deve ser aperfeiçoado e a mineração ilegal, particularmente na Amazônia, será duramente combatida.; Em maio de 2022, a Força Aérea Brasileira (FAB) fez o lançamento de satélites do Projeto Lessonia 148. Os satélites Carcará 1 e Carcará 2 vão gerar imagens em alta resolução com vistas a contribuir para o monitoramento de queimadas e de desastres naturais, além do combate ao tráfico de drogas e à mineração ilegal.; Criar, em conjunto como o Poder Judiciário, cadastros nacionais de empresas, projetos e pessoas que promovam (...) mineração ilegal e emissões ilegais de gases do efeito estufa, nos moldes da “Lista Suja” dos empregadores que submetem trabalhadores à condição análoga à escravidão; Combater fortemente as atividades ilegais de comércio de  madeira, minério, animais silvestres e outras riquezas amazônicas.			
56	Meio Ambiente	Environment	Medio Ambiente	55	Aumentar a produção nacional de fertilizantes	Increase national production of fertilizers	Incrementar la producción nacional de fertilizantes	Lula;Bolsonaro;Simone;Soraya	2022_10_18_2	https://divulgacandcontas.tse.jus.br/candidaturas/oficial/2022/BR/BR/544/candidatos/280001607829/pje-3b1196fd-Proposta%20de%20governo.pdf;https://divulgacandcontas.tse.jus.br/candidaturas/oficial/2022/BR/BR/544/candidatos/908966/5_1660093698051.pdf;https://divulgacandcontas.tse.jus.br/candidaturas/oficial/2022/BR/BR/544/candidatos/280001607833/pje-c6a5300b-Proposta%20de%20governo.pdf;https://divulgacandcontas.tse.jus.br/candidaturas/oficial/2022/BR/BR/544/candidatos/913738/5_1660315476677.pdf	Portanto, (Petrobrás) voltará a ser uma empresa integrada de energia, investindo em exploração, produção, refino e distribuição, mas também atuando nos segmentos que se conectam à transição ecológica e energética, como gás, fertilizantes, biocombustíveis e energias renováveis.; Deve-se aumentar a produção nacional de fertilizantes.; Impulsionar a produção nacional de insumos agrícolas e fertilizantes, buscando aumentar a  rodutividade nacional e reduzir a dependência em relação a importações; Transformar em política de Estado o fomento à produção de fertilizantes para abastecer o mercado interno. 			
57	Meio Ambiente	Environment	Medio Ambiente	56	Melhorar e reduzir os preços de serviços de transporte através da estruturação de concessões e parcerias público-privadas	Improve and reduce the prices of transport services through the structuring of concessions and public-private partnerships	Mejorar y reducir los precios de los servicios de transporte a través de la estructuración de concesiones y alianzas público-privadas	Bolsonaro	2022_10_18_1	https://divulgacandcontas.tse.jus.br/candidaturas/oficial/2022/BR/BR/544/candidatos/908966/5_1660093698051.pdf	Entende-se que na gestão 2023-2026 é necessário dar continuidade e ampliar esta operação para todos os biomas, além de promover ações de prevenção de incêndios, por meio da ampliação do número de brigadistas e do desenvolvimento de programas de brigadas voluntárias.			
58	Meio Ambiente	Environment	Medio Ambiente	57	Incentivar práticas agrícolas sustentáveis	Encouraging sustainable agricultural practices	Fomentar prácticas agrícolas sostenibles	Lula;Bolsonaro;Simone;d'Avila	2022_10_6_1	https://divulgacandcontas.tse.jus.br/candidaturas/oficial/2022/BR/BR/544/candidatos/280001607829/pje-3b1196fd-Proposta%20de%20governo.pdf;https://divulgacandcontas.tse.jus.br/candidaturas/oficial/2022/BR/BR/544/candidatos/908966/5_1660093698051.pdf;https://divulgacandcontas.tse.jus.br/candidaturas/oficial/2022/BR/BR/544/candidatos/280001607833/pje-c6a5300b-Proposta%20de%20governo.pdf;https://divulgacandcontas.tse.jus.br/candidaturas/oficial/2022/BR/BR/544/candidatos/892517/5_1659557501045.pdf	Fortalecimento da produção agrícola, nas frentes da agricultura familiar, agricultura tradicional e do agronegócio sustentável, é estratégico para repensar o padrão de produção e consumo e a matriz produtiva nacional, com vistas a oferecer alimentação saudável para a população. A experiência brasileira já demonstrou que esse é o caminho para superar a crise alimentar e ampliar a produção de alimentação adequada e saudável, por meio de medidas que reduzam os custos de produção e o preço de comercialização de alimentos frescos e de boa qualidade, fomentem a produção orgânica e agroecológica e incentivem sistemas alimentares com parâmetros de sustentabilidade; fortalecerá a promoção de sistemas sustentáveis de produção de alimentos e a implantação de práticas agrícolas que aumentem a produtividade e a produção, mantendo os ecossistemas e a capacidade de adaptação às mudanças do clima, melhorando progressivamente as  oportunidades de geração de emprego e renda dos produtores rurais, especialmente dos pequenos e médios produtores e dos agricultores familiares.; Impulsionar a expansão da agricultura de baixo carbono e a integração lavoura-pecuária-floresta, sobretudo para aproveitamento de áreas hoje devastadas e que podem ser cultivadas sem desmatamento; O setor agropecuário deve buscar fontes de energia  limpas e renováveis, como a solar, a eólica e o etanol.			
59	Meio Ambiente	Environment	Medio Ambiente	58	Fomento à agroindústria e a produção nacional de insumos 	Fostering agro-industry and national production of inputs	Fomento de la agroindustria y la producción nacional de insumos	Lula;Bolsonaro;Simone;Soraya	2022_10_6_2	https://divulgacandcontas.tse.jus.br/candidaturas/oficial/2022/BR/BR/544/candidatos/280001607829/pje-3b1196fd-Proposta%20de%20governo.pdf;https://divulgacandcontas.tse.jus.br/candidaturas/oficial/2022/BR/BR/544/candidatos/908966/5_1660093698051.pdf;https://divulgacandcontas.tse.jus.br/candidaturas/oficial/2022/BR/BR/544/candidatos/280001607833/pje-c6a5300b-Proposta%20de%20governo.pdf;https://divulgacandcontas.tse.jus.br/candidaturas/oficial/2022/BR/BR/544/candidatos/913738/5_1660315476677.pdf	Fortalecimento da produção agrícola, nas frentes da agricultura familiar, agricultura tradicional e do agronegócio sustentável, é estratégico para repensar o padrão de produção e consumo e a matriz produtiva nacional, com vistas a oferecer alimentação saudável para a população. A experiência brasileira já demonstrou que esse é o caminho para superar a crise alimentar e ampliar a produção de alimentação adequada e saudável, por meio de medidas que reduzam os custos de produção e o preço de comercialização de alimentos frescos e de boa qualidade, fomentem a produção orgânica e agroecológica e incentivem sistemas alimentares com parâmetros de sustentabilidade; fortalecerá a promoção de sistemas sustentáveis de produção de alimentos e a implantação de práticas agrícolas que aumentem a produtividade e a produção, mantendo os ecossistemas e a capacidade de adaptação às mudanças do clima, melhorando progressivamente as  oportunidades de geração de emprego e renda dos produtores rurais, especialmente dos pequenos e médios produtores e dos agricultores familiares.; Impulsionar a produção nacional de insumos agrícolas e fertilizantes, buscando aumentar a produtividade nacional e reduzir a dependência em relação a importações; Elaborar e implantar um Plano Estratégico de Produção de alimentos nacionais			
60	Meio Ambiente	Environment	Medio Ambiente	59	Fortalecer a oferta de energia com expansão de fontes limpas e renováveis	Strengthen the energy supply with the expansion of clean and renewable sources	Fortalecer la oferta energética con la expansión de fuentes limpias y renovables	Lula;Bolsonaro;Ciro;Simone;Soraya	2022_10_3_1	https://divulgacandcontas.tse.jus.br/candidaturas/oficial/2022/BR/BR/544/candidatos/280001607829/pje-3b1196fd-Proposta%20de%20governo.pdf;https://divulgacandcontas.tse.jus.br/candidaturas/oficial/2022/BR/BR/544/candidatos/908966/5_1660093698051.pdf;https://divulgacandcontas.tse.jus.br/candidaturas/oficial/2022/BR/BR/544/candidatos/882713/5_1659989903215.pdf;https://divulgacandcontas.tse.jus.br/candidaturas/oficial/2022/BR/BR/544/candidatos/280001607833/pje-c6a5300b-Proposta%20de%20governo.pdf;https://divulgacandcontas.tse.jus.br/candidaturas/oficial/2022/BR/BR/544/candidatos/913738/5_1660315476677.pdf	Imprescindível garantir a soberania e a segurança energética do país, com ampliação da oferta de energia, aprofundando a diversificação da matriz, com expansão de fontes limpas e renováveis a preços compatíveis com a realidade brasileira.; gerar com eficiência e oferecer energia de acordo com a demanda atual, lançando as bases para as futuras necessidades, pensando no crescimento econômico nacional que impactará diretamente o cidadão e o seu bem-estar, e promover, incansavelmente, inclusive com atores internacionais, aumento robusto e diversificação na produção e utilização de energia sustentável, renovável e limpa; Deveremos desenvolver várias formas de energia limpa, como a eólica (on-shore e off-shore), a solar e a baseada na produção de hidrogênio verde.; Acelerar a transição para uma matriz  inda mais limpa, renovável, segura, barata e eficiente de energia de baixo carbono, por meio da competição entre as diferentes fontes energéticas (eólica, solar, hidráulica, biocombustíveis, biomassa, hidrogênio verde, etanol e gás natural), levando em consideração a contribuição  e cada fonte para a segurança do abastecimento e para o controle de  emissão de gases de efeito estufa; Elaborar um projeto estratégico de gestão de nosso potencial energético e transformá-lo em política de Estado, priorizando a produção de energia limpa, eólica e outras renováveis, além de implantar um modelo de gestão estratégica das organizações que atuam nesse setor			
61	Meio Ambiente	Environment	Medio Ambiente	60	Oferecer Títulos Verdes para financiar investimentos considerados sustentáveis nas áreas de transporte, energia e entre outros	Offer Green Bonds to finance investments considered sustainable in the areas of transport, energy and between others	Ofrecer Bonos Verdes para financiar inversiones consideradas sostenibles en las áreas de transporte, energía y entre otros	Bolsonaro;Simone;d'Avila	2022_9_30_1	https://divulgacandcontas.tse.jus.br/candidaturas/oficial/2022/BR/BR/544/candidatos/908966/5_1660093698051.pdf;https://divulgacandcontas.tse.jus.br/candidaturas/oficial/2022/BR/BR/544/candidatos/280001607833/pje-c6a5300b-Proposta%20de%20governo.pdf;https://divulgacandcontas.tse.jus.br/candidaturas/oficial/2022/BR/BR/544/candidatos/892517/5_1659557501045.pdf	Como economia verde e alternativa de investimentos de longo prazo, o Brasil pode oferecer Green Bonds (Títulos Verdes), que só podem ser usados para financiar investimentos considerados sustentáveis – como infraestrutura de energia limpa e renovável, transporte verde e projetos capazes de reduzir emissões e o consumo de água, energia e matérias-primas. Pode também atuar no mercado de Créditos de Carbono pela redução da emissão de gases do efeito estufa.; Passaremos a liderar a agenda geopolítica mundial das próximas décadas, baseadas na sustentabilidade, na economia verde e num mercado de créditos de carbono bem estruturado e desenvolvido.; Além do combate ao desmatamento ilegal, vamos financiar o plantio de áreas florestais em até 1,5 milhão de pequenas propriedades rurais, desde quilombos e assentamentos até sítios e pequenas fazendas, por meio de uma solução via créditos de carbono (green bonds) para monetizar a floresta em pé.			
62	Meio Ambiente	Environment	Medio Ambiente	61	Cumprir as metas de redução de gás carbono assumidas pelo país na Conferência de Paris de 2015	Meet the carbon gas reduction targets assumed by the country at the 2015 Paris Conference	Cumplir con las metas de reducción de gases de carbono asumidas por el país en la Conferencia de París 2015	Lula;Simone	2022_10_19_1	https://divulgacandcontas.tse.jus.br/candidaturas/oficial/2022/BR/BR/544/candidatos/280001607829/pje-3b1196fd-Proposta%20de%20governo.pdf;https://divulgacandcontas.tse.jus.br/candidaturas/oficial/2022/BR/BR/544/candidatos/280001607833/pje-c6a5300b-Proposta%20de%20governo.pdf	Nosso compromisso será cumprir, de fato, as metas de redução de emissão de gás carbono que o país assumiu na Conferência de 2015 em Paris; Acelerar o cumprimento das metas de redução de gases de efeito estufa, incluindo o metano, e de  reflorestamento previstas no Acordo de Paris e no REED+			
63	Meio Ambiente	Environment	Medio Ambiente	62	Recuperar terras degradadas por atividades predatórias e reflorestamento das áreas devastadas	Recover lands deteriorated by predatory activities and reforestation of devastated areas	Recuperar terrenos deteriorados por actividades depredadoras y reforestación de áreas devastadas	Lula;Bolsonaro;Simone;Soraya;d'Avila	2022_10_3_2	https://divulgacandcontas.tse.jus.br/candidaturas/oficial/2022/BR/BR/544/candidatos/280001607829/pje-3b1196fd-Proposta%20de%20governo.pdf;https://divulgacandcontas.tse.jus.br/candidaturas/oficial/2022/BR/BR/544/candidatos/908966/5_1660093698051.pdf;https://divulgacandcontas.tse.jus.br/candidaturas/oficial/2022/BR/BR/544/candidatos/280001607833/pje-c6a5300b-Proposta%20de%20governo.pdf;https://divulgacandcontas.tse.jus.br/candidaturas/oficial/2022/BR/BR/544/candidatos/913738/5_1660315476677.pdf;https://divulgacandcontas.tse.jus.br/candidaturas/oficial/2022/BR/BR/544/candidatos/892517/5_1659557501045.pdf	Recuperação de terras degradadas por atividades predatórias, reflorestamento das áreas devastadas, e um amplo processo de conservação da biodiversidade e dos ecossistemas brasileiros.; Redirecionamento de incentivos fiscais e fluxos financeiros para promover a  restauração até a realização de pesquisas sobre restauração em ambientes terrestres e marinhos; construção da capacidade técnica de profisionais de restauração e o monitoramento específico do progresso da restauração. O Programa também incluirá o fortalecimento da Política Nacional de Recuperação da Vegetação Nativa – Proveg e do Plano Nacional de Recuperação da Vegetação Nativa – Planaveg.; Acelerar o cumprimento das metas de redução de gases de efeito estufa,  incluindo o metano, e de reflorestamento previstas no Acordo de Paris e no REED+; Proteger a Floresta Amazônica: redução dos desmatamentos e recuperação de áreas degradadas.; Vamos equilibrar o jogo transformando a atividade de reconstituir florestas em fonte de emprego e renda. Além do combate ao desmatamento ilegal, vamos financiar o plantio de áreas florestais em até 1,5 milhão de pequenas propriedades rurais, desde quilombos e assentamentos até sítios e pequenas fazendas, por meio de uma solução via créditos de carbono (green bonds) para monetizar a floresta em pé.			
65	Meio Ambiente	Environment	Medio Ambiente	65	Coibir o narcogarimpo e a lavagem de dinheiro na Amazônia através do aumento do número de bases ecológicas	Curb drug mining and money laundering in the Amazon by increasing the number of ecological bases	Frenar la minería de drogas y el lavado de dinero en la Amazonía aumentando el número de bases ecológicos	Bolsonaro	2022_10_8_2	https://divulgacandcontas.tse.jus.br/candidaturas/oficial/2022/BR/BR/544/candidatos/908966/5_1660093698051.pdf	Promover o número de bases na Amazônia e tornando-as fixas e permanentes, promovendo a efetiva presença do Estado, coibindo assim todo e qualquer crime em regiões onde atividades como o narcogarimpo e a lavagem de dinheiro são predominantes. 			
														
														
														
														
														
														
														
														
														
														
														
														
														
														
														
														
														
														
														
														
														
														
														
														
														
														
														
														
														
														
														
														
														
														
														
														
														
														
														
														
														
														
														
														
														
														
														
														
														
														
														
														
														
														
														
														
														
														
														
														
														
														
														
														
														
														
														
														
														
														
														
														
														
														
														
														
														
														
														
														
														
														
														
														
														
														
														
														
														
														
														
														
														
														
														
														
														
														
														
														
														
														
														
														
														
														
														
														
														
														
														
														
														
														
														
														
														
														
														
														
														
														
														
														
														
														
														
														
														
														
														
														
														
														
														
														
														
														
														
														
														
														
														
														
														
														
														
														
														
														
														
														
														
														
														
														
														
														
														
														
														
														
														
														
														
														
														
														
														
														
														
														
														
														
														
														
														
														
														
														
														
														
														
														
														
														
														
														
														
														
														
														
														
														
														
														
														
														
														
														
														
														
														
														
														
														
														
														
														
														
														
														
														
														
														
														
														
														
														
														
														
														
														
														
														
														
														
														
														
														
														
														
														
														
														
														
														
														
														
														
														
														
														
														
														
														
														
														
														
														
														
														
														
														
														
														
														
														
														
														
														
														
														
														
														
														
														
														
														
														
														
														
														
														
														
														
														
														
														
														
														
														
														
														
														
														
														
														
														
														
														
														
														
														
														
														
														
														
														
														
														
														
														
														
														
														
							a							